,keyword,rank,title,description,link,date accessed
0,boeing note to financial statements,1,Boeing Company - Investors - Financial Reports,Statement of Changes in Beneficial Ownership. 10/03/19. 4. Statement of Changes in Beneficial Ownership. 10/03/19. 4. Statement of Changes in Beneficial ...,https://investors.boeing.com/investors/financial-reports/default.aspx,2019-11-04
1,boeing note to financial statements,2,We're Boeing. The future is built here. - Annual Reports,"Building on a legacy of aerospace leadership, Boeing continues to lead in .... See Note 2 to our Consolidated Financial Statements for additional information.",http://www.annualreports.com/Click/3441,2019-11-04
2,boeing note to financial statements,3,10-K - SEC.gov,"The Boeing Company, together with its subsidiaries (herein referred to as “Boeing,” the .... See Note 21 to our Consolidated Financial Statements for information ...",https://www.sec.gov/Archives/edgar/data/12927/000001292716000099/a201512dec3110k.htm,2019-11-04
3,boeing note to financial statements,4,Boeing - Document,"See the Summary of Business Segment Data and Note 21 to our Consolidated Financial Statements for financial information, including revenues and earnings ...",https://www.sec.gov/Archives/edgar/data/12927/000001292718000007/a201712dec3110k.htm,2019-11-04
4,boeing note to financial statements,5,THE BOEING COMPANY,"Jul 24, 2019 - Comprehensive (loss)/income, net of tax. ($625). $4,897. ($2,888). $2,210. See Notes to the Condensed Consolidated Financial Statements. 2 ...",https://s2.q4cdn.com/661678649/files/doc_financials/quarterly/2019/q2/2Q19-10-Q.pdf,2019-11-04
5,boeing note to financial statements,6,THE BOEING COMPANY,"Apr 25, 2018 - The Boeing Company and Subsidiaries. Notes to Condensed Consolidated Financial Statements. Summary of Business Segment Data.",https://s2.q4cdn.com/661678649/files/doc_financials/quarterly/2018/Q1/1Q18-Form10Q.pdf,2019-11-04
6,boeing note to financial statements,7,the boeing company - MarketScreener.com,"Oct 24, 2018 - The Boeing Company and Subsidiaries. Notes to Condensed Consolidated Financial Statements. Summary of Business Segment Data.",https://www.marketscreener.com/BOEING-COMPANY-THE-4816/pdf/893872/Boeing%20Company%20(The)_SEC-Filing-10Q-3.pdf,2019-11-04
7,boeing note to financial statements,8,"Boeing Reports Second-Quarter Results - Jul 24, 2019","Jul 24, 2019 - Highlights from the Paris Air Show included a letter of intent from IAG for 200 .... We encourage investors to review our financial statements and ...",https://boeing.mediaroom.com/2019-07-24-Boeing-Reports-Second-Quarter-Results,2019-11-04
8,boeing note to financial statements,9,Boeing Financial Statements 2005-2019 | BA | MacroTrends,"Ten years of annual and quarterly financial statements and annual report data for Boeing (BA). Income statements, balance sheets, cash flow statements and ...",https://www.macrotrends.net/stocks/charts/BA/boeing/financial-statements,2019-11-04
